Workbook

Sheet Sheet1
A1: Starting Hex | E1: Ending Hex
A2: Hex Value | B2: Address | C2: Row | D2: Column | E2: Hex Value | F2: Address | G2: Row | H2: Column | I2: Distance Calc | J2: Expected Value | K2: Test Distance Calc | L2: Slope | M2: Mod | N2: Cube Distance Calc
A3: 14 | B3: =IF(A3<>"",_xlfn.LET( _xlpm.rng, mapTrial!$A$3:$N$11, _xlpm.v, A3, _xlpm.cols, COLUMNS(_xlpm.rng), _xlpm.p, _xlfn.XMATCH(_xlpm.v, _xlfn.TOCOL(_xlpm.rng), 0), ADDRESS( INT((_xlpm.p-1)/_xlpm.cols)+1+2, MOD(_xlpm.p-1,_xlpm.cols)+1, 1 ) ),"") -> $C$5 | C3: {=IF(B3<>"",ROW(INDIRECT(B3)),"")} -> 5 | D3: {=IF(B3<>"",COLUMN(INDIRECT(B3)),"")} -> 3 | E3: 36 | F3: =IF(E3<>"",_xlfn.LET( _xlpm.rng, mapTrial!$A$3:$N$11, _xlpm.v, E3, _xlpm.cols, COLUMNS(_xlpm.rng), _xlpm.p, _xlfn.XMATCH(_xlpm.v, _xlfn.TOCOL(_xlpm.rng), 0), ADDRESS( INT((_xlpm.p-1)/_xlpm.cols)+1+2, MOD(_xlpm.p-1,_xlpm.cols)+1, 1 ) ),"") -> $H$8 | G3: {=IF(F3<>"",ROW(INDIRECT(F3)),"")} -> 8 | H3: {=IF(F3<>"",COLUMN(INDIRECT(F3)),"")} -> 8 | I3: =IF(AND(B3<>"",F3<>""), _xlfn.LET(_xlpm.mod,IF(AND(L3<0,ABS(L3)<3),2,4),_xlpm.qa,MIN(G3,C3),_xlpm.ra,MIN(H3,D3),_xlpm.qb,MAX(G3,C3),_xlpm.rb,MAX(H3,D3), ROUND((ABS(_xlpm.qa-_xlpm.qb)+ABS(_xlpm.ra-_xlpm.rb)+ABS((_xlpm.qa+_xlpm.ra)-(_xlpm.qb+_xlpm.rb)))/4,0)),"") -> 4 | J3: 4 | K3: =IF(AND(B3<>"",F3<>""), _xlfn.LET(_xlpm.mod,IF(AND(L3<0,ABS(L3)<3),2,4),_xlpm.qa,MIN(G3,C3),_xlpm.ra,MIN(H3,D3),_xlpm.qb,MAX(G3,C3),_xlpm.rb,MAX(H3,D3), ROUND((ABS(_xlpm.qa-_xlpm.qb)+ABS(_xlpm.ra-_xlpm.rb)+ABS((_xlpm.qa+_xlpm.ra)-(_xlpm.qb+_xlpm.rb)))/4,0)),"") -> 4 | L3: =(G3-C3)/(H3-D3) -> 0.6 | M3: =IF(AND((G3-C3)/(H3-D3)<0,ABS((G3-C3)/(H3-D3))<3),2,4) -> 4 | N3: =_xlfn.LET( _xlpm.qa,(C3 - 3 - MOD(D3,2))/2, _xlpm.ra,D3, _xlpm.qb,(G3 - 3 - MOD(H3,2))/2, _xlpm.rb,H3, _xlpm.xa,_xlpm.qa, _xlpm.za,_xlpm.rb, _xlpm.ya,-_xlpm.qa-_xlpm.ra, _xlpm.xb,_xlpm.qb, _xlpm.zb,_xlpm.rb, _xlpm.yb,-_xlpm.qb-_xlpm.rb, MAX(ABS(_xlpm.xa-_xlpm.xb),ABS(_xlpm.ya-_xlpm.yb),ABS(_xlpm.za-_xlpm.zb)) ) -> 7
A4: 27 | B4: =IF(A4<>"",_xlfn.LET( _xlpm.rng, mapTrial!$A$3:$N$11, _xlpm.v, A4, _xlpm.cols, COLUMNS(_xlpm.rng), _xlpm.p, _xlfn.XMATCH(_xlpm.v, _xlfn.TOCOL(_xlpm.rng), 0), ADDRESS( INT((_xlpm.p-1)/_xlpm.cols)+1+2, MOD(_xlpm.p-1,_xlpm.cols)+1, 1 ) ),"") -> $C$7 | C4: {=IF(B4<>"",ROW(INDIRECT(B4)),"")} -> 7 | D4: {=IF(B4<>"",COLUMN(INDIRECT(B4)),"")} -> 3 | E4: 36 | F4: =IF(E4<>"",_xlfn.LET( _xlpm.rng, mapTrial!$A$3:$N$11, _xlpm.v, E4, _xlpm.cols, COLUMNS(_xlpm.rng), _xlpm.p, _xlfn.XMATCH(_xlpm.v, _xlfn.TOCOL(_xlpm.rng), 0), ADDRESS( INT((_xlpm.p-1)/_xlpm.cols)+1+2, MOD(_xlpm.p-1,_xlpm.cols)+1, 1 ) ),"") -> $H$8 | G4: {=IF(F4<>"",ROW(INDIRECT(F4)),"")} -> 8 | H4: {=IF(F4<>"",COLUMN(INDIRECT(F4)),"")} -> 8 | I4: =IF(AND(B4<>"",F4<>""), _xlfn.LET(_xlpm.mod,IF(AND(L4<0,ABS(L4)<3),2,4),_xlpm.qa,MIN(G4,C4),_xlpm.ra,MIN(H4,D4),_xlpm.qb,MAX(G4,C4),_xlpm.rb,MAX(H4,D4), ROUND((ABS(_xlpm.qa-_xlpm.qb)+ABS(_xlpm.ra-_xlpm.rb)+ABS((_xlpm.qa+_xlpm.ra)-(_xlpm.qb+_xlpm.rb)))/4,0)),"") -> 3 | J4: 3 | K4: =IF(AND(B4<>"",F4<>""), _xlfn.LET(_xlpm.mod,IF(AND(L4<0,ABS(L4)<3),2,4),_xlpm.qa,MIN(G4,C4),_xlpm.ra,MIN(H4,D4),_xlpm.qb,MAX(G4,C4),_xlpm.rb,MAX(H4,D4), ROUND((ABS(_xlpm.qa-_xlpm.qb)+ABS(_xlpm.ra-_xlpm.rb)+ABS((_xlpm.qa+_xlpm.ra)-(_xlpm.qb+_xlpm.rb)))/4,0)),"") -> 3 | L4: =(G4-C4)/(H4-D4) -> 0.2 | M4: =IF(AND((G4-C4)/(H4-D4)<0,ABS((G4-C4)/(H4-D4))<3),2,4) -> 4 | N4: =_xlfn.LET( _xlpm.qa,(C4 - 3 - MOD(D4,2))/2, _xlpm.ra,D4, _xlpm.qb,(G4 - 3 - MOD(H4,2))/2, _xlpm.rb,H4, _xlpm.xa,_xlpm.qa, _xlpm.za,_xlpm.rb, _xlpm.ya,-_xlpm.qa-_xlpm.ra, _xlpm.xb,_xlpm.qb, _xlpm.zb,_xlpm.rb, _xlpm.yb,-_xlpm.qb-_xlpm.rb, MAX(ABS(_xlpm.xa-_xlpm.xb),ABS(_xlpm.ya-_xlpm.yb),ABS(_xlpm.za-_xlpm.zb)) ) -> 6
A5: 27 | B5: =IF(A5<>"",_xlfn.LET( _xlpm.rng, mapTrial!$A$3:$N$11, _xlpm.v, A5, _xlpm.cols, COLUMNS(_xlpm.rng), _xlpm.p, _xlfn.XMATCH(_xlpm.v, _xlfn.TOCOL(_xlpm.rng), 0), ADDRESS( INT((_xlpm.p-1)/_xlpm.cols)+1+2, MOD(_xlpm.p-1,_xlpm.cols)+1, 1 ) ),"") -> $C$7 | C5: {=IF(B5<>"",ROW(INDIRECT(B5)),"")} -> 7 | D5: {=IF(B5<>"",COLUMN(INDIRECT(B5)),"")} -> 3 | E5: 47 | F5: =IF(E5<>"",_xlfn.LET( _xlpm.rng, mapTrial!$A$3:$N$11, _xlpm.v, E5, _xlpm.cols, COLUMNS(_xlpm.rng), _xlpm.p, _xlfn.XMATCH(_xlpm.v, _xlfn.TOCOL(_xlpm.rng), 0), ADDRESS( INT((_xlpm.p-1)/_xlpm.cols)+1+2, MOD(_xlpm.p-1,_xlpm.cols)+1, 1 ) ),"") -> $D$10 | G5: {=IF(F5<>"",ROW(INDIRECT(F5)),"")} -> 10 | H5: {=IF(F5<>"",COLUMN(INDIRECT(F5)),"")} -> 4 | I5: =IF(AND(B5<>"",F5<>""), _xlfn.LET(_xlpm.mod,IF(AND(L5<0,ABS(L5)<3),2,4),_xlpm.qa,MIN(G5,C5),_xlpm.ra,MIN(H5,D5),_xlpm.qb,MAX(G5,C5),_xlpm.rb,MAX(H5,D5), ROUND((ABS(_xlpm.qa-_xlpm.qb)+ABS(_xlpm.ra-_xlpm.rb)+ABS((_xlpm.qa+_xlpm.ra)-(_xlpm.qb+_xlpm.rb)))/4,0)),"") -> 2 | J5: 2 | K5: =IF(AND(B5<>"",F5<>""), _xlfn.LET(_xlpm.mod,IF(AND(L5<0,ABS(L5)<3),2,4),_xlpm.qa,MIN(G5,C5),_xlpm.ra,MIN(H5,D5),_xlpm.qb,MAX(G5,C5),_xlpm.rb,MAX(H5,D5), ROUND((ABS(_xlpm.qa-_xlpm.qb)+ABS(_xlpm.ra-_xlpm.rb)+ABS((_xlpm.qa+_xlpm.ra)-(_xlpm.qb+_xlpm.rb)))/4,0)),"") -> 2 | L5: =(G5-C5)/(H5-D5) -> 3 | M5: =IF(AND((G5-C5)/(H5-D5)<0,ABS((G5-C5)/(H5-D5))<3),2,4) -> 4 | N5: =_xlfn.LET( _xlpm.qa,(C5 - 3 - MOD(D5,2))/2, _xlpm.ra,D5, _xlpm.qb,(G5 - 3 - MOD(H5,2))/2, _xlpm.rb,H5, _xlpm.xa,_xlpm.qa, _xlpm.za,_xlpm.rb, _xlpm.ya,-_xlpm.qa-_xlpm.ra, _xlpm.xb,_xlpm.qb, _xlpm.zb,_xlpm.rb, _xlpm.yb,-_xlpm.qb-_xlpm.rb, MAX(ABS(_xlpm.xa-_xlpm.xb),ABS(_xlpm.ya-_xlpm.yb),ABS(_xlpm.za-_xlpm.zb)) ) -> 3
A6: 27 | B6: =IF(A6<>"",_xlfn.LET( _xlpm.rng, mapTrial!$A$3:$N$11, _xlpm.v, A6, _xlpm.cols, COLUMNS(_xlpm.rng), _xlpm.p, _xlfn.XMATCH(_xlpm.v, _xlfn.TOCOL(_xlpm.rng), 0), ADDRESS( INT((_xlpm.p-1)/_xlpm.cols)+1+2, MOD(_xlpm.p-1,_xlpm.cols)+1, 1 ) ),"") -> $C$7 | C6: {=IF(B6<>"",ROW(INDIRECT(B6)),"")} -> 7 | D6: {=IF(B6<>"",COLUMN(INDIRECT(B6)),"")} -> 3 | E6: 54 | F6: =IF(E6<>"",_xlfn.LET( _xlpm.rng, mapTrial!$A$3:$N$11, _xlpm.v, E6, _xlpm.cols, COLUMNS(_xlpm.rng), _xlpm.p, _xlfn.XMATCH(_xlpm.v, _xlfn.TOCOL(_xlpm.rng), 0), ADDRESS( INT((_xlpm.p-1)/_xlpm.cols)+1+2, MOD(_xlpm.p-1,_xlpm.cols)+1, 1 ) ),"") -> $E$11 | G6: {=IF(F6<>"",ROW(INDIRECT(F6)),"")} -> 11 | H6: {=IF(F6<>"",COLUMN(INDIRECT(F6)),"")} -> 5 | I6: =IF(AND(B6<>"",F6<>""), _xlfn.LET(_xlpm.mod,IF(AND(L6<0,ABS(L6)<3),2,4),_xlpm.qa,MIN(G6,C6),_xlpm.ra,MIN(H6,D6),_xlpm.qb,MAX(G6,C6),_xlpm.rb,MAX(H6,D6), ROUND((ABS(_xlpm.qa-_xlpm.qb)+ABS(_xlpm.ra-_xlpm.rb)+ABS((_xlpm.qa+_xlpm.ra)-(_xlpm.qb+_xlpm.rb)))/4,0)),"") -> 3 | J6: 3 | K6: =IF(AND(B6<>"",F6<>""), _xlfn.LET(_xlpm.mod,IF(AND(L6<0,ABS(L6)<3),2,4),_xlpm.qa,MIN(G6,C6),_xlpm.ra,MIN(H6,D6),_xlpm.qb,MAX(G6,C6),_xlpm.rb,MAX(H6,D6), ROUND((ABS(_xlpm.qa-_xlpm.qb)+ABS(_xlpm.ra-_xlpm.rb)+ABS((_xlpm.qa+_xlpm.ra)-(_xlpm.qb+_xlpm.rb)))/4,0)),"") -> 3 | L6: =(G6-C6)/(H6-D6) -> 2 | M6: =IF(AND((G6-C6)/(H6-D6)<0,ABS((G6-C6)/(H6-D6))<3),2,4) -> 4 | N6: =_xlfn.LET( _xlpm.qa,(C6 - 3 - MOD(D6,2))/2, _xlpm.ra,D6, _xlpm.qb,(G6 - 3 - MOD(H6,2))/2, _xlpm.rb,H6, _xlpm.xa,_xlpm.qa, _xlpm.za,_xlpm.rb, _xlpm.ya,-_xlpm.qa-_xlpm.ra, _xlpm.xb,_xlpm.qb, _xlpm.zb,_xlpm.rb, _xlpm.yb,-_xlpm.qb-_xlpm.rb, MAX(ABS(_xlpm.xa-_xlpm.xb),ABS(_xlpm.ya-_xlpm.yb),ABS(_xlpm.za-_xlpm.zb)) ) -> 4
A7: 7 | B7: =IF(A7<>"",_xlfn.LET( _xlpm.rng, mapTrial!$A$3:$N$11, _xlpm.v, A7, _xlpm.cols, COLUMNS(_xlpm.rng), _xlpm.p, _xlfn.XMATCH(_xlpm.v, _xlfn.TOCOL(_xlpm.rng), 0), ADDRESS( INT((_xlpm.p-1)/_xlpm.cols)+1+2, MOD(_xlpm.p-1,_xlpm.cols)+1, 1 ) ),"") -> $B$4 | C7: {=IF(B7<>"",ROW(INDIRECT(B7)),"")} -> 4 | D7: {=IF(B7<>"",COLUMN(INDIRECT(B7)),"")} -> 2 | E7: 56 | F7: =IF(E7<>"",_xlfn.LET( _xlpm.rng, mapTrial!$A$3:$N$11, _xlpm.v, E7, _xlpm.cols, COLUMNS(_xlpm.rng), _xlpm.p, _xlfn.XMATCH(_xlpm.v, _xlfn.TOCOL(_xlpm.rng), 0), ADDRESS( INT((_xlpm.p-1)/_xlpm.cols)+1+2, MOD(_xlpm.p-1,_xlpm.cols)+1, 1 ) ),"") -> $I$11 | G7: {=IF(F7<>"",ROW(INDIRECT(F7)),"")} -> 11 | H7: {=IF(F7<>"",COLUMN(INDIRECT(F7)),"")} -> 9 | I7: =IF(AND(B7<>"",F7<>""), _xlfn.LET(_xlpm.mod,IF(AND(L7<0,ABS(L7)<3),2,4),_xlpm.qa,MIN(G7,C7),_xlpm.ra,MIN(H7,D7),_xlpm.qb,MAX(G7,C7),_xlpm.rb,MAX(H7,D7), ROUND((ABS(_xlpm.qa-_xlpm.qb)+ABS(_xlpm.ra-_xlpm.rb)+ABS((_xlpm.qa+_xlpm.ra)-(_xlpm.qb+_xlpm.rb)))/4,0)),"") -> 7 | J7: 7 | K7: =IF(AND(B7<>"",F7<>""), _xlfn.LET(_xlpm.mod,IF(AND(L7<0,ABS(L7)<3),2,4),_xlpm.qa,MIN(G7,C7),_xlpm.ra,MIN(H7,D7),_xlpm.qb,MAX(G7,C7),_xlpm.rb,MAX(H7,D7), ROUND((ABS(_xlpm.qa-_xlpm.qb)+ABS(_xlpm.ra-_xlpm.rb)+ABS((_xlpm.qa+_xlpm.ra)-(_xlpm.qb+_xlpm.rb)))/4,0)),"") -> 7 | L7: =(G7-C7)/(H7-D7) -> 1 | M7: =IF(AND((G7-C7)/(H7-D7)<0,ABS((G7-C7)/(H7-D7))<3),2,4) -> 4 | N7: =_xlfn.LET( _xlpm.qa,(C7 - 3 - MOD(D7,2))/2, _xlpm.ra,D7, _xlpm.qb,(G7 - 3 - MOD(H7,2))/2, _xlpm.rb,H7, _xlpm.xa,_xlpm.qa, _xlpm.za,_xlpm.rb, _xlpm.ya,-_xlpm.qa-_xlpm.ra, _xlpm.xb,_xlpm.qb, _xlpm.zb,_xlpm.rb, _xlpm.yb,-_xlpm.qb-_xlpm.rb, MAX(ABS(_xlpm.xa-_xlpm.xb),ABS(_xlpm.ya-_xlpm.yb),ABS(_xlpm.za-_xlpm.zb)) ) -> 10
A8: 17 | B8: =IF(A8<>"",_xlfn.LET( _xlpm.rng, mapTrial!$A$3:$N$11, _xlpm.v, A8, _xlpm.cols, COLUMNS(_xlpm.rng), _xlpm.p, _xlfn.XMATCH(_xlpm.v, _xlfn.TOCOL(_xlpm.rng), 0), ADDRESS( INT((_xlpm.p-1)/_xlpm.cols)+1+2, MOD(_xlpm.p-1,_xlpm.cols)+1, 1 ) ),"") -> $I$5 | C8: {=IF(B8<>"",ROW(INDIRECT(B8)),"")} -> 5 | D8: {=IF(B8<>"",COLUMN(INDIRECT(B8)),"")} -> 9 | E8: 36 | F8: =IF(E8<>"",_xlfn.LET( _xlpm.rng, mapTrial!$A$3:$N$11, _xlpm.v, E8, _xlpm.cols, COLUMNS(_xlpm.rng), _xlpm.p, _xlfn.XMATCH(_xlpm.v, _xlfn.TOCOL(_xlpm.rng), 0), ADDRESS( INT((_xlpm.p-1)/_xlpm.cols)+1+2, MOD(_xlpm.p-1,_xlpm.cols)+1, 1 ) ),"") -> $H$8 | G8: {=IF(F8<>"",ROW(INDIRECT(F8)),"")} -> 8 | H8: {=IF(F8<>"",COLUMN(INDIRECT(F8)),"")} -> 8 | I8: =IF(AND(B8<>"",F8<>""), _xlfn.LET(_xlpm.mod,IF(AND(L8<0,ABS(L8)<3),2,4),_xlpm.qa,MIN(G8,C8),_xlpm.ra,MIN(H8,D8),_xlpm.qb,MAX(G8,C8),_xlpm.rb,MAX(H8,D8), ROUND((ABS(_xlpm.qa-_xlpm.qb)+ABS(_xlpm.ra-_xlpm.rb)+ABS((_xlpm.qa+_xlpm.ra)-(_xlpm.qb+_xlpm.rb)))/4,0)),"") -> 2 | J8: 2 | K8: =IF(AND(B8<>"",F8<>""), _xlfn.LET(_xlpm.mod,IF(AND(L8<0,ABS(L8)<3),2,4),_xlpm.qa,MIN(G8,C8),_xlpm.ra,MIN(H8,D8),_xlpm.qb,MAX(G8,C8),_xlpm.rb,MAX(H8,D8), ROUND((ABS(_xlpm.qa-_xlpm.qb)+ABS(_xlpm.ra-_xlpm.rb)+ABS((_xlpm.qa+_xlpm.ra)-(_xlpm.qb+_xlpm.rb)))/4,0)),"") -> 2 | L8: =(G8-C8)/(H8-D8) -> -3 | M8: =IF(AND((G8-C8)/(H8-D8)<0,ABS((G8-C8)/(H8-D8))<3),2,4) -> 4 | N8: =_xlfn.LET( _xlpm.qa,(C8 - 3 - MOD(D8,2))/2, _xlpm.ra,D8, _xlpm.qb,(G8 - 3 - MOD(H8,2))/2, _xlpm.rb,H8, _xlpm.xa,_xlpm.qa, _xlpm.za,_xlpm.rb, _xlpm.ya,-_xlpm.qa-_xlpm.ra, _xlpm.xb,_xlpm.qb, _xlpm.zb,_xlpm.rb, _xlpm.yb,-_xlpm.qb-_xlpm.rb, MAX(ABS(_xlpm.xa-_xlpm.xb),ABS(_xlpm.ya-_xlpm.yb),ABS(_xlpm.za-_xlpm.zb)) ) -> 2
A9: 17 | B9: =IF(A9<>"",_xlfn.LET( _xlpm.rng, mapTrial!$A$3:$N$11, _xlpm.v, A9, _xlpm.cols, COLUMNS(_xlpm.rng), _xlpm.p, _xlfn.XMATCH(_xlpm.v, _xlfn.TOCOL(_xlpm.rng), 0), ADDRESS( INT((_xlpm.p-1)/_xlpm.cols)+1+2, MOD(_xlpm.p-1,_xlpm.cols)+1, 1 ) ),"") -> $I$5 | C9: {=IF(B9<>"",ROW(INDIRECT(B9)),"")} -> 5 | D9: {=IF(B9<>"",COLUMN(INDIRECT(B9)),"")} -> 9 | E9: 53 | F9: =IF(E9<>"",_xlfn.LET( _xlpm.rng, mapTrial!$A$3:$N$11, _xlpm.v, E9, _xlpm.cols, COLUMNS(_xlpm.rng), _xlpm.p, _xlfn.XMATCH(_xlpm.v, _xlfn.TOCOL(_xlpm.rng), 0), ADDRESS( INT((_xlpm.p-1)/_xlpm.cols)+1+2, MOD(_xlpm.p-1,_xlpm.cols)+1, 1 ) ),"") -> $C$11 | G9: {=IF(F9<>"",ROW(INDIRECT(F9)),"")} -> 11 | H9: {=IF(F9<>"",COLUMN(INDIRECT(F9)),"")} -> 3 | I9: =IF(AND(B9<>"",F9<>""), _xlfn.LET(_xlpm.mod,IF(AND(L9<0,ABS(L9)<3),2,4),_xlpm.qa,MIN(G9,C9),_xlpm.ra,MIN(H9,D9),_xlpm.qb,MAX(G9,C9),_xlpm.rb,MAX(H9,D9), ROUND((ABS(_xlpm.qa-_xlpm.qb)+ABS(_xlpm.ra-_xlpm.rb)+ABS((_xlpm.qa+_xlpm.ra)-(_xlpm.qb+_xlpm.rb)))/4,0)),"") -> 6 | J9: 6 | K9: =IF(AND(B9<>"",F9<>""), _xlfn.LET(_xlpm.mod,IF(AND(L9<0,ABS(L9)<3),2,4),_xlpm.qa,MIN(G9,C9),_xlpm.ra,MIN(H9,D9),_xlpm.qb,MAX(G9,C9),_xlpm.rb,MAX(H9,D9), ROUND((ABS(_xlpm.qa-_xlpm.qb)+ABS(_xlpm.ra-_xlpm.rb)+ABS((_xlpm.qa+_xlpm.ra)-(_xlpm.qb+_xlpm.rb)))/4,0)),"") -> 6 | L9: =(G9-C9)/(H9-D9) -> -1 | M9: =IF(AND((G9-C9)/(H9-D9)<0,ABS((G9-C9)/(H9-D9))<3),2,4) -> 2 | N9: =_xlfn.LET( _xlpm.qa,(C9 - 3 - MOD(D9,2))/2, _xlpm.ra,D9, _xlpm.qb,(G9 - 3 - MOD(H9,2))/2, _xlpm.rb,H9, _xlpm.xa,_xlpm.qa, _xlpm.za,_xlpm.rb, _xlpm.ya,-_xlpm.qa-_xlpm.ra, _xlpm.xb,_xlpm.qb, _xlpm.zb,_xlpm.rb, _xlpm.yb,-_xlpm.qb-_xlpm.rb, MAX(ABS(_xlpm.xa-_xlpm.xb),ABS(_xlpm.ya-_xlpm.yb),ABS(_xlpm.za-_xlpm.zb)) ) -> 3
A10: 15 | B10: =IF(A10<>"",_xlfn.LET( _xlpm.rng, mapTrial!$A$3:$N$11, _xlpm.v, A10, _xlpm.cols, COLUMNS(_xlpm.rng), _xlpm.p, _xlfn.XMATCH(_xlpm.v, _xlfn.TOCOL(_xlpm.rng), 0), ADDRESS( INT((_xlpm.p-1)/_xlpm.cols)+1+2, MOD(_xlpm.p-1,_xlpm.cols)+1, 1 ) ),"") -> $E$5 | C10: {=IF(B10<>"",ROW(INDIRECT(B10)),"")} -> 5 | D10: {=IF(B10<>"",COLUMN(INDIRECT(B10)),"")} -> 5 | E10: 34 | F10: =IF(E10<>"",_xlfn.LET( _xlpm.rng, mapTrial!$A$3:$N$11, _xlpm.v, E10, _xlpm.cols, COLUMNS(_xlpm.rng), _xlpm.p, _xlfn.XMATCH(_xlpm.v, _xlfn.TOCOL(_xlpm.rng), 0), ADDRESS( INT((_xlpm.p-1)/_xlpm.cols)+1+2, MOD(_xlpm.p-1,_xlpm.cols)+1, 1 ) ),"") -> $D$8 | G10: {=IF(F10<>"",ROW(INDIRECT(F10)),"")} -> 8 | H10: {=IF(F10<>"",COLUMN(INDIRECT(F10)),"")} -> 4 | I10: =IF(AND(B10<>"",F10<>""), _xlfn.LET(_xlpm.mod,IF(AND(L10<0,ABS(L10)<3),2,4),_xlpm.qa,MIN(G10,C10),_xlpm.ra,MIN(H10,D10),_xlpm.qb,MAX(G10,C10),_xlpm.rb,MAX(H10,D10), ROUND((ABS(_xlpm.qa-_xlpm.qb)+ABS(_xlpm.ra-_xlpm.rb)+ABS((_xlpm.qa+_xlpm.ra)-(_xlpm.qb+_xlpm.rb)))/4,0)),"") -> 2 | J10: 2 | K10: =IF(AND(B10<>"",F10<>""), _xlfn.LET(_xlpm.mod,IF(AND(L10<0,ABS(L10)<3),2,4),_xlpm.qa,MIN(G10,C10),_xlpm.ra,MIN(H10,D10),_xlpm.qb,MAX(G10,C10),_xlpm.rb,MAX(H10,D10), ROUND((ABS(_xlpm.qa-_xlpm.qb)+ABS(_xlpm.ra-_xlpm.rb)+ABS((_xlpm.qa+_xlpm.ra)-(_xlpm.qb+_xlpm.rb)))/4,0)),"") -> 2 | L10: =(G10-C10)/(H10-D10) -> -3 | M10: =IF(AND((G10-C10)/(H10-D10)<0,ABS((G10-C10)/(H10-D10))<3),2,4) -> 4 | N10: =_xlfn.LET( _xlpm.qa,(C10 - 3 - MOD(D10,2))/2, _xlpm.ra,D10, _xlpm.qb,(G10 - 3 - MOD(H10,2))/2, _xlpm.rb,H10, _xlpm.xa,_xlpm.qa, _xlpm.za,_xlpm.rb, _xlpm.ya,-_xlpm.qa-_xlpm.ra, _xlpm.xb,_xlpm.qb, _xlpm.zb,_xlpm.rb, _xlpm.yb,-_xlpm.qb-_xlpm.rb, MAX(ABS(_xlpm.xa-_xlpm.xb),ABS(_xlpm.ya-_xlpm.yb),ABS(_xlpm.za-_xlpm.zb)) ) -> 2
A11: 21 | B11: =IF(A11<>"",_xlfn.LET( _xlpm.rng, mapTrial!$A$3:$N$11, _xlpm.v, A11, _xlpm.cols, COLUMNS(_xlpm.rng), _xlpm.p, _xlfn.XMATCH(_xlpm.v, _xlfn.TOCOL(_xlpm.rng), 0), ADDRESS( INT((_xlpm.p-1)/_xlpm.cols)+1+2, MOD(_xlpm.p-1,_xlpm.cols)+1, 1 ) ),"") -> $D$6 | C11: {=IF(B11<>"",ROW(INDIRECT(B11)),"")} -> 6 | D11: {=IF(B11<>"",COLUMN(INDIRECT(B11)),"")} -> 4 | E11: 53 | F11: =IF(E11<>"",_xlfn.LET( _xlpm.rng, mapTrial!$A$3:$N$11, _xlpm.v, E11, _xlpm.cols, COLUMNS(_xlpm.rng), _xlpm.p, _xlfn.XMATCH(_xlpm.v, _xlfn.TOCOL(_xlpm.rng), 0), ADDRESS( INT((_xlpm.p-1)/_xlpm.cols)+1+2, MOD(_xlpm.p-1,_xlpm.cols)+1, 1 ) ),"") -> $C$11 | G11: {=IF(F11<>"",ROW(INDIRECT(F11)),"")} -> 11 | H11: {=IF(F11<>"",COLUMN(INDIRECT(F11)),"")} -> 3 | I11: =IF(AND(B11<>"",F11<>""), _xlfn.LET(_xlpm.mod,IF(AND(L11<0,ABS(L11)<3),2,4),_xlpm.qa,MIN(G11,C11),_xlpm.ra,MIN(H11,D11),_xlpm.qb,MAX(G11,C11),_xlpm.rb,MAX(H11,D11), ROUND((ABS(_xlpm.qa-_xlpm.qb)+ABS(_xlpm.ra-_xlpm.rb)+ABS((_xlpm.qa+_xlpm.ra)-(_xlpm.qb+_xlpm.rb)))/4,0)),"") -> 3 | J11: 3 | K11: =IF(AND(B11<>"",F11<>""), _xlfn.LET(_xlpm.mod,IF(AND(L11<0,ABS(L11)<3),2,4),_xlpm.qa,MIN(G11,C11),_xlpm.ra,MIN(H11,D11),_xlpm.qb,MAX(G11,C11),_xlpm.rb,MAX(H11,D11), ROUND((ABS(_xlpm.qa-_xlpm.qb)+ABS(_xlpm.ra-_xlpm.rb)+ABS((_xlpm.qa+_xlpm.ra)-(_xlpm.qb+_xlpm.rb)))/4,0)),"") -> 3 | L11: =(G11-C11)/(H11-D11) -> -5 | M11: =IF(AND((G11-C11)/(H11-D11)<0,ABS((G11-C11)/(H11-D11))<3),2,4) -> 4 | N11: =_xlfn.LET( _xlpm.qa,(C11 - 3 - MOD(D11,2))/2, _xlpm.ra,D11, _xlpm.qb,(G11 - 3 - MOD(H11,2))/2, _xlpm.rb,H11, _xlpm.xa,_xlpm.qa, _xlpm.za,_xlpm.rb, _xlpm.ya,-_xlpm.qa-_xlpm.ra, _xlpm.xb,_xlpm.qb, _xlpm.zb,_xlpm.rb, _xlpm.yb,-_xlpm.qb-_xlpm.rb, MAX(ABS(_xlpm.xa-_xlpm.xb),ABS(_xlpm.ya-_xlpm.yb),ABS(_xlpm.za-_xlpm.zb)) ) -> 2
A12: 13 | B12: =IF(A12<>"",_xlfn.LET( _xlpm.rng, mapTrial!$A$3:$N$11, _xlpm.v, A12, _xlpm.cols, COLUMNS(_xlpm.rng), _xlpm.p, _xlfn.XMATCH(_xlpm.v, _xlfn.TOCOL(_xlpm.rng), 0), ADDRESS( INT((_xlpm.p-1)/_xlpm.cols)+1+2, MOD(_xlpm.p-1,_xlpm.cols)+1, 1 ) ),"") -> $N$4 | C12: {=IF(B12<>"",ROW(INDIRECT(B12)),"")} -> 4 | D12: {=IF(B12<>"",COLUMN(INDIRECT(B12)),"")} -> 14 | E12: 20 | F12: =IF(E12<>"",_xlfn.LET( _xlpm.rng, mapTrial!$A$3:$N$11, _xlpm.v, E12, _xlpm.cols, COLUMNS(_xlpm.rng), _xlpm.p, _xlfn.XMATCH(_xlpm.v, _xlfn.TOCOL(_xlpm.rng), 0), ADDRESS( INT((_xlpm.p-1)/_xlpm.cols)+1+2, MOD(_xlpm.p-1,_xlpm.cols)+1, 1 ) ),"") -> $B$6 | G12: {=IF(F12<>"",ROW(INDIRECT(F12)),"")} -> 6 | H12: {=IF(F12<>"",COLUMN(INDIRECT(F12)),"")} -> 2 | I12: =IF(AND(B12<>"",F12<>""), _xlfn.LET(_xlpm.mod,IF(AND(L12<0,ABS(L12)<3),2,4),_xlpm.qa,MIN(G12,C12),_xlpm.ra,MIN(H12,D12),_xlpm.qb,MAX(G12,C12),_xlpm.rb,MAX(H12,D12), ROUND((ABS(_xlpm.qa-_xlpm.qb)+ABS(_xlpm.ra-_xlpm.rb)+ABS((_xlpm.qa+_xlpm.ra)-(_xlpm.qb+_xlpm.rb)))/4,0)),"") -> 7 | J12: 7 | K12: =IF(AND(B12<>"",F12<>""), _xlfn.LET(_xlpm.mod,IF(AND(L12<0,ABS(L12)<3),2,4),_xlpm.qa,MIN(G12,C12),_xlpm.ra,MIN(H12,D12),_xlpm.qb,MAX(G12,C12),_xlpm.rb,MAX(H12,D12), ROUND((ABS(_xlpm.qa-_xlpm.qb)+ABS(_xlpm.ra-_xlpm.rb)+ABS((_xlpm.qa+_xlpm.ra)-(_xlpm.qb+_xlpm.rb)))/4,0)),"") -> 7 | L12: =(G12-C12)/(H12-D12) -> -0.16666667 | M12: =IF(AND((G12-C12)/(H12-D12)<0,ABS((G12-C12)/(H12-D12))<3),2,4) -> 2 | N12: =_xlfn.LET( _xlpm.qa,(C12 - 3 - MOD(D12,2))/2, _xlpm.ra,D12, _xlpm.qb,(G12 - 3 - MOD(H12,2))/2, _xlpm.rb,H12, _xlpm.xa,_xlpm.qa, _xlpm.za,_xlpm.rb, _xlpm.ya,-_xlpm.qa-_xlpm.ra, _xlpm.xb,_xlpm.qb, _xlpm.zb,_xlpm.rb, _xlpm.yb,-_xlpm.qb-_xlpm.rb, MAX(ABS(_xlpm.xa-_xlpm.xb),ABS(_xlpm.ya-_xlpm.yb),ABS(_xlpm.za-_xlpm.zb)) ) -> 11
A13: 7 | B13: =IF(A13<>"",_xlfn.LET( _xlpm.rng, mapTrial!$A$3:$N$11, _xlpm.v, A13, _xlpm.cols, COLUMNS(_xlpm.rng), _xlpm.p, _xlfn.XMATCH(_xlpm.v, _xlfn.TOCOL(_xlpm.rng), 0), ADDRESS( INT((_xlpm.p-1)/_xlpm.cols)+1+2, MOD(_xlpm.p-1,_xlpm.cols)+1, 1 ) ),"") -> $B$4 | C13: {=IF(B13<>"",ROW(INDIRECT(B13)),"")} -> 4 | D13: {=IF(B13<>"",COLUMN(INDIRECT(B13)),"")} -> 2 | E13: 26 | F13: =IF(E13<>"",_xlfn.LET( _xlpm.rng, mapTrial!$A$3:$N$11, _xlpm.v, E13, _xlpm.cols, COLUMNS(_xlpm.rng), _xlpm.p, _xlfn.XMATCH(_xlpm.v, _xlfn.TOCOL(_xlpm.rng), 0), ADDRESS( INT((_xlpm.p-1)/_xlpm.cols)+1+2, MOD(_xlpm.p-1,_xlpm.cols)+1, 1 ) ),"") -> $N$6 | G13: {=IF(F13<>"",ROW(INDIRECT(F13)),"")} -> 6 | H13: {=IF(F13<>"",COLUMN(INDIRECT(F13)),"")} -> 14 | I13: =IF(AND(B13<>"",F13<>""), _xlfn.LET(_xlpm.mod,IF(AND(L13<0,ABS(L13)<3),2,4),_xlpm.qa,MIN(G13,C13),_xlpm.ra,MIN(H13,D13),_xlpm.qb,MAX(G13,C13),_xlpm.rb,MAX(H13,D13), ROUND((ABS(_xlpm.qa-_xlpm.qb)+ABS(_xlpm.ra-_xlpm.rb)+ABS((_xlpm.qa+_xlpm.ra)-(_xlpm.qb+_xlpm.rb)))/4,0)),"") -> 7 | J13: 7 | K13: =IF(AND(B13<>"",F13<>""), _xlfn.LET(_xlpm.mod,IF(AND(L13<0,ABS(L13)<3),2,4),_xlpm.qa,MIN(G13,C13),_xlpm.ra,MIN(H13,D13),_xlpm.qb,MAX(G13,C13),_xlpm.rb,MAX(H13,D13), ROUND((ABS(_xlpm.qa-_xlpm.qb)+ABS(_xlpm.ra-_xlpm.rb)+ABS((_xlpm.qa+_xlpm.ra)-(_xlpm.qb+_xlpm.rb)))/4,0)),"") -> 7 | L13: =(G13-C13)/(H13-D13) -> 0.16666667 | M13: =IF(AND((G13-C13)/(H13-D13)<0,ABS((G13-C13)/(H13-D13))<3),2,4) -> 4 | N13: =_xlfn.LET( _xlpm.qa,(C13 - 3 - MOD(D13,2))/2, _xlpm.ra,D13, _xlpm.qb,(G13 - 3 - MOD(H13,2))/2, _xlpm.rb,H13, _xlpm.xa,_xlpm.qa, _xlpm.za,_xlpm.rb, _xlpm.ya,-_xlpm.qa-_xlpm.ra, _xlpm.xb,_xlpm.qb, _xlpm.zb,_xlpm.rb, _xlpm.yb,-_xlpm.qb-_xlpm.rb, MAX(ABS(_xlpm.xa-_xlpm.xb),ABS(_xlpm.ya-_xlpm.yb),ABS(_xlpm.za-_xlpm.zb)) ) -> 13
A14: 26 | B14: =IF(A14<>"",_xlfn.LET( _xlpm.rng, mapTrial!$A$3:$N$11, _xlpm.v, A14, _xlpm.cols, COLUMNS(_xlpm.rng), _xlpm.p, _xlfn.XMATCH(_xlpm.v, _xlfn.TOCOL(_xlpm.rng), 0), ADDRESS( INT((_xlpm.p-1)/_xlpm.cols)+1+2, MOD(_xlpm.p-1,_xlpm.cols)+1, 1 ) ),"") -> $N$6 | C14: {=IF(B14<>"",ROW(INDIRECT(B14)),"")} -> 6 | D14: {=IF(B14<>"",COLUMN(INDIRECT(B14)),"")} -> 14 | E14: 7 | F14: =IF(E14<>"",_xlfn.LET( _xlpm.rng, mapTrial!$A$3:$N$11, _xlpm.v, E14, _xlpm.cols, COLUMNS(_xlpm.rng), _xlpm.p, _xlfn.XMATCH(_xlpm.v, _xlfn.TOCOL(_xlpm.rng), 0), ADDRESS( INT((_xlpm.p-1)/_xlpm.cols)+1+2, MOD(_xlpm.p-1,_xlpm.cols)+1, 1 ) ),"") -> $B$4 | G14: {=IF(F14<>"",ROW(INDIRECT(F14)),"")} -> 4 | H14: {=IF(F14<>"",COLUMN(INDIRECT(F14)),"")} -> 2 | I14: =IF(AND(B14<>"",F14<>""), _xlfn.LET(_xlpm.mod,IF(AND(L14<0,ABS(L14)<3),2,4),_xlpm.qa,MIN(G14,C14),_xlpm.ra,MIN(H14,D14),_xlpm.qb,MAX(G14,C14),_xlpm.rb,MAX(H14,D14), ROUND((ABS(_xlpm.qa-_xlpm.qb)+ABS(_xlpm.ra-_xlpm.rb)+ABS((_xlpm.qa+_xlpm.ra)-(_xlpm.qb+_xlpm.rb)))/4,0)),"") -> 7 | J14: 7 | K14: =IF(AND(B14<>"",F14<>""), _xlfn.LET(_xlpm.mod,IF(AND(L14<0,ABS(L14)<3),2,4),_xlpm.qa,MIN(G14,C14),_xlpm.ra,MIN(H14,D14),_xlpm.qb,MAX(G14,C14),_xlpm.rb,MAX(H14,D14), ROUND((ABS(_xlpm.qa-_xlpm.qb)+ABS(_xlpm.ra-_xlpm.rb)+ABS((_xlpm.qa+_xlpm.ra)-(_xlpm.qb+_xlpm.rb)))/4,0)),"") -> 7 | L14: =(G14-C14)/(H14-D14) -> 0.16666667 | M14: =IF(AND((G14-C14)/(H14-D14)<0,ABS((G14-C14)/(H14-D14))<3),2,4) -> 4 | N14: =_xlfn.LET( _xlpm.qa,(C14 - 3 - MOD(D14,2))/2, _xlpm.ra,D14, _xlpm.qb,(G14 - 3 - MOD(H14,2))/2, _xlpm.rb,H14, _xlpm.xa,_xlpm.qa, _xlpm.za,_xlpm.rb, _xlpm.ya,-_xlpm.qa-_xlpm.ra, _xlpm.xb,_xlpm.qb, _xlpm.zb,_xlpm.rb, _xlpm.yb,-_xlpm.qb-_xlpm.rb, MAX(ABS(_xlpm.xa-_xlpm.xb),ABS(_xlpm.ya-_xlpm.yb),ABS(_xlpm.za-_xlpm.zb)) ) -> 13
A15: 13 | B15: =IF(A15<>"",_xlfn.LET( _xlpm.rng, mapTrial!$A$3:$N$11, _xlpm.v, A15, _xlpm.cols, COLUMNS(_xlpm.rng), _xlpm.p, _xlfn.XMATCH(_xlpm.v, _xlfn.TOCOL(_xlpm.rng), 0), ADDRESS( INT((_xlpm.p-1)/_xlpm.cols)+1+2, MOD(_xlpm.p-1,_xlpm.cols)+1, 1 ) ),"") -> $N$4 | C15: {=IF(B15<>"",ROW(INDIRECT(B15)),"")} -> 4 | D15: {=IF(B15<>"",COLUMN(INDIRECT(B15)),"")} -> 14 | E15: 1 | F15: =IF(E15<>"",_xlfn.LET( _xlpm.rng, mapTrial!$A$3:$N$11, _xlpm.v, E15, _xlpm.cols, COLUMNS(_xlpm.rng), _xlpm.p, _xlfn.XMATCH(_xlpm.v, _xlfn.TOCOL(_xlpm.rng), 0), ADDRESS( INT((_xlpm.p-1)/_xlpm.cols)+1+2, MOD(_xlpm.p-1,_xlpm.cols)+1, 1 ) ),"") -> $C$3 | G15: {=IF(F15<>"",ROW(INDIRECT(F15)),"")} -> 3 | H15: {=IF(F15<>"",COLUMN(INDIRECT(F15)),"")} -> 3 | I15: =IF(AND(B15<>"",F15<>""), _xlfn.LET(_xlpm.mod,IF(AND(L15<0,ABS(L15)<3),2,4),_xlpm.qa,MIN(G15,C15),_xlpm.ra,MIN(H15,D15),_xlpm.qb,MAX(G15,C15),_xlpm.rb,MAX(H15,D15), ROUND((ABS(_xlpm.qa-_xlpm.qb)+ABS(_xlpm.ra-_xlpm.rb)+ABS((_xlpm.qa+_xlpm.ra)-(_xlpm.qb+_xlpm.rb)))/4,0)),"") -> 6 | J15: 6
A16: 52 | B16: =IF(A16<>"",_xlfn.LET( _xlpm.rng, mapTrial!$A$3:$N$11, _xlpm.v, A16, _xlpm.cols, COLUMNS(_xlpm.rng), _xlpm.p, _xlfn.XMATCH(_xlpm.v, _xlfn.TOCOL(_xlpm.rng), 0), ADDRESS( INT((_xlpm.p-1)/_xlpm.cols)+1+2, MOD(_xlpm.p-1,_xlpm.cols)+1, 1 ) ),"") -> $N$10 | C16: {=IF(B16<>"",ROW(INDIRECT(B16)),"")} -> 10 | D16: {=IF(B16<>"",COLUMN(INDIRECT(B16)),"")} -> 14 | E16: 1 | F16: =IF(E16<>"",_xlfn.LET( _xlpm.rng, mapTrial!$A$3:$N$11, _xlpm.v, E16, _xlpm.cols, COLUMNS(_xlpm.rng), _xlpm.p, _xlfn.XMATCH(_xlpm.v, _xlfn.TOCOL(_xlpm.rng), 0), ADDRESS( INT((_xlpm.p-1)/_xlpm.cols)+1+2, MOD(_xlpm.p-1,_xlpm.cols)+1, 1 ) ),"") -> $C$3 | G16: {=IF(F16<>"",ROW(INDIRECT(F16)),"")} -> 3 | H16: {=IF(F16<>"",COLUMN(INDIRECT(F16)),"")} -> 3 | I16: =IF(AND(B16<>"",F16<>""), _xlfn.LET(_xlpm.mod,IF(AND(L16<0,ABS(L16)<3),2,4),_xlpm.qa,MIN(G16,C16),_xlpm.ra,MIN(H16,D16),_xlpm.qb,MAX(G16,C16),_xlpm.rb,MAX(H16,D16), ROUND((ABS(_xlpm.qa-_xlpm.qb)+ABS(_xlpm.ra-_xlpm.rb)+ABS((_xlpm.qa+_xlpm.ra)-(_xlpm.qb+_xlpm.rb)))/4,0)),"") -> 9 | J16: 9
B17: =IF(A17<>"",_xlfn.LET( _xlpm.rng, mapTrial!$A$3:$N$11, _xlpm.v, A17, _xlpm.cols, COLUMNS(_xlpm.rng), _xlpm.p, _xlfn.XMATCH(_xlpm.v, _xlfn.TOCOL(_xlpm.rng), 0), ADDRESS( INT((_xlpm.p-1)/_xlpm.cols)+1+2, MOD(_xlpm.p-1,_xlpm.cols)+1, 1 ) ),"") | C17: {=IF(B17<>"",ROW(INDIRECT(B17)),"")} | D17: {=IF(B17<>"",COLUMN(INDIRECT(B17)),"")} | F17: =IF(E17<>"",_xlfn.LET( _xlpm.rng, mapTrial!$A$3:$N$11, _xlpm.v, E17, _xlpm.cols, COLUMNS(_xlpm.rng), _xlpm.p, _xlfn.XMATCH(_xlpm.v, _xlfn.TOCOL(_xlpm.rng), 0), ADDRESS( INT((_xlpm.p-1)/_xlpm.cols)+1+2, MOD(_xlpm.p-1,_xlpm.cols)+1, 1 ) ),"") | G17: {=IF(F17<>"",ROW(INDIRECT(F17)),"")} | H17: {=IF(F17<>"",COLUMN(INDIRECT(F17)),"")} | I17: =IF(AND(B17<>"",F17<>""), _xlfn.LET(_xlpm.mod,IF(AND(L17<0,ABS(L17)<3),2,4),_xlpm.qa,MIN(G17,C17),_xlpm.ra,MIN(H17,D17),_xlpm.qb,MAX(G17,C17),_xlpm.rb,MAX(H17,D17), ROUND((ABS(_xlpm.qa-_xlpm.qb)+ABS(_xlpm.ra-_xlpm.rb)+ABS((_xlpm.qa+_xlpm.ra)-(_xlpm.qb+_xlpm.rb)))/4,0)),"")
B18: =IF(A18<>"",_xlfn.LET( _xlpm.rng, mapTrial!$A$3:$N$11, _xlpm.v, A18, _xlpm.cols, COLUMNS(_xlpm.rng), _xlpm.p, _xlfn.XMATCH(_xlpm.v, _xlfn.TOCOL(_xlpm.rng), 0), ADDRESS( INT((_xlpm.p-1)/_xlpm.cols)+1+2, MOD(_xlpm.p-1,_xlpm.cols)+1, 1 ) ),"") | C18: {=IF(B18<>"",ROW(INDIRECT(B18)),"")} | D18: {=IF(B18<>"",COLUMN(INDIRECT(B18)),"")} | F18: =IF(E18<>"",_xlfn.LET( _xlpm.rng, mapTrial!$A$3:$N$11, _xlpm.v, E18, _xlpm.cols, COLUMNS(_xlpm.rng), _xlpm.p, _xlfn.XMATCH(_xlpm.v, _xlfn.TOCOL(_xlpm.rng), 0), ADDRESS( INT((_xlpm.p-1)/_xlpm.cols)+1+2, MOD(_xlpm.p-1,_xlpm.cols)+1, 1 ) ),"") | G18: {=IF(F18<>"",ROW(INDIRECT(F18)),"")} | H18: {=IF(F18<>"",COLUMN(INDIRECT(F18)),"")} | I18: =IF(AND(B18<>"",F18<>""), _xlfn.LET(_xlpm.mod,IF(AND(L18<0,ABS(L18)<3),2,4),_xlpm.qa,MIN(G18,C18),_xlpm.ra,MIN(H18,D18),_xlpm.qb,MAX(G18,C18),_xlpm.rb,MAX(H18,D18), ROUND((ABS(_xlpm.qa-_xlpm.qb)+ABS(_xlpm.ra-_xlpm.rb)+ABS((_xlpm.qa+_xlpm.ra)-(_xlpm.qb+_xlpm.rb)))/4,0)),"")
B19: =IF(A19<>"",_xlfn.LET( _xlpm.rng, mapTrial!$A$3:$N$11, _xlpm.v, A19, _xlpm.cols, COLUMNS(_xlpm.rng), _xlpm.p, _xlfn.XMATCH(_xlpm.v, _xlfn.TOCOL(_xlpm.rng), 0), ADDRESS( INT((_xlpm.p-1)/_xlpm.cols)+1+2, MOD(_xlpm.p-1,_xlpm.cols)+1, 1 ) ),"") | C19: {=IF(B19<>"",ROW(INDIRECT(B19)),"")} | D19: {=IF(B19<>"",COLUMN(INDIRECT(B19)),"")} | F19: =IF(E19<>"",_xlfn.LET( _xlpm.rng, mapTrial!$A$3:$N$11, _xlpm.v, E19, _xlpm.cols, COLUMNS(_xlpm.rng), _xlpm.p, _xlfn.XMATCH(_xlpm.v, _xlfn.TOCOL(_xlpm.rng), 0), ADDRESS( INT((_xlpm.p-1)/_xlpm.cols)+1+2, MOD(_xlpm.p-1,_xlpm.cols)+1, 1 ) ),"") | G19: {=IF(F19<>"",ROW(INDIRECT(F19)),"")} | H19: {=IF(F19<>"",COLUMN(INDIRECT(F19)),"")} | I19: =IF(AND(B19<>"",F19<>""), _xlfn.LET(_xlpm.mod,IF(AND(L19<0,ABS(L19)<3),2,4),_xlpm.qa,MIN(G19,C19),_xlpm.ra,MIN(H19,D19),_xlpm.qb,MAX(G19,C19),_xlpm.rb,MAX(H19,D19), ROUND((ABS(_xlpm.qa-_xlpm.qb)+ABS(_xlpm.ra-_xlpm.rb)+ABS((_xlpm.qa+_xlpm.ra)-(_xlpm.qb+_xlpm.rb)))/4,0)),"")
B20: =IF(A20<>"",_xlfn.LET( _xlpm.rng, mapTrial!$A$3:$N$11, _xlpm.v, A20, _xlpm.cols, COLUMNS(_xlpm.rng), _xlpm.p, _xlfn.XMATCH(_xlpm.v, _xlfn.TOCOL(_xlpm.rng), 0), ADDRESS( INT((_xlpm.p-1)/_xlpm.cols)+1+2, MOD(_xlpm.p-1,_xlpm.cols)+1, 1 ) ),"") | C20: {=IF(B20<>"",ROW(INDIRECT(B20)),"")} | D20: {=IF(B20<>"",COLUMN(INDIRECT(B20)),"")} | F20: =IF(E20<>"",_xlfn.LET( _xlpm.rng, mapTrial!$A$3:$N$11, _xlpm.v, E20, _xlpm.cols, COLUMNS(_xlpm.rng), _xlpm.p, _xlfn.XMATCH(_xlpm.v, _xlfn.TOCOL(_xlpm.rng), 0), ADDRESS( INT((_xlpm.p-1)/_xlpm.cols)+1+2, MOD(_xlpm.p-1,_xlpm.cols)+1, 1 ) ),"") | G20: {=IF(F20<>"",ROW(INDIRECT(F20)),"")} | H20: {=IF(F20<>"",COLUMN(INDIRECT(F20)),"")} | I20: =IF(AND(B20<>"",F20<>""), _xlfn.LET(_xlpm.mod,IF(AND(L20<0,ABS(L20)<3),2,4),_xlpm.qa,MIN(G20,C20),_xlpm.ra,MIN(H20,D20),_xlpm.qb,MAX(G20,C20),_xlpm.rb,MAX(H20,D20), ROUND((ABS(_xlpm.qa-_xlpm.qb)+ABS(_xlpm.ra-_xlpm.rb)+ABS((_xlpm.qa+_xlpm.ra)-(_xlpm.qb+_xlpm.rb)))/4,0)),"")
B21: =IF(A21<>"",_xlfn.LET( _xlpm.rng, mapTrial!$A$3:$N$11, _xlpm.v, A21, _xlpm.cols, COLUMNS(_xlpm.rng), _xlpm.p, _xlfn.XMATCH(_xlpm.v, _xlfn.TOCOL(_xlpm.rng), 0), ADDRESS( INT((_xlpm.p-1)/_xlpm.cols)+1+2, MOD(_xlpm.p-1,_xlpm.cols)+1, 1 ) ),"") | C21: {=IF(B21<>"",ROW(INDIRECT(B21)),"")} | D21: {=IF(B21<>"",COLUMN(INDIRECT(B21)),"")} | F21: =IF(E21<>"",_xlfn.LET( _xlpm.rng, mapTrial!$A$3:$N$11, _xlpm.v, E21, _xlpm.cols, COLUMNS(_xlpm.rng), _xlpm.p, _xlfn.XMATCH(_xlpm.v, _xlfn.TOCOL(_xlpm.rng), 0), ADDRESS( INT((_xlpm.p-1)/_xlpm.cols)+1+2, MOD(_xlpm.p-1,_xlpm.cols)+1, 1 ) ),"") | G21: {=IF(F21<>"",ROW(INDIRECT(F21)),"")} | H21: {=IF(F21<>"",COLUMN(INDIRECT(F21)),"")} | I21: =IF(AND(B21<>"",F21<>""), _xlfn.LET(_xlpm.mod,IF(AND(L21<0,ABS(L21)<3),2,4),_xlpm.qa,MIN(G21,C21),_xlpm.ra,MIN(H21,D21),_xlpm.qb,MAX(G21,C21),_xlpm.rb,MAX(H21,D21), ROUND((ABS(_xlpm.qa-_xlpm.qb)+ABS(_xlpm.ra-_xlpm.rb)+ABS((_xlpm.qa+_xlpm.ra)-(_xlpm.qb+_xlpm.rb)))/4,0)),"")

Sheet mapTrial
A3: 0 | B3: 0 | C3: 1 | D3: 0 | E3: 2 | F3: 0 | G3: 3 | H3: 0 | I3: 4 | J3: 0 | K3: 5 | L3: 0 | M3: 6 | N3: 0
A4: 0 | B4: 7 | C4: 0 | D4: 8 | E4: 0 | F4: 9 | G4: 0 | H4: 10 | I4: 0 | J4: 11 | K4: 0 | L4: 12 | M4: 0 | N4: 13
A5: 0 | B5: 0 | C5: 14 | D5: 0 | E5: 15 | F5: 0 | G5: 16 | H5: 0 | I5: 17 | J5: 0 | K5: 18 | L5: 0 | M5: 19 | N5: 0
A6: 0 | B6: 20 | C6: 0 | D6: 21 | E6: 0 | F6: 22 | G6: 0 | H6: 23 | I6: 0 | J6: 24 | K6: 0 | L6: 25 | M6: 0 | N6: 26
A7: 0 | B7: 0 | C7: 27 | D7: 0 | E7: 28 | F7: 0 | G7: 29 | H7: 0 | I7: 30 | J7: 0 | K7: 31 | L7: 0 | M7: 32 | N7: 0
A8: 0 | B8: 33 | C8: 0 | D8: 34 | E8: 0 | F8: 35 | G8: 0 | H8: 36 | I8: 0 | J8: 37 | K8: 0 | L8: 38 | M8: 0 | N8: 39
A9: 0 | B9: 0 | C9: 40 | D9: 0 | E9: 41 | F9: 0 | G9: 42 | H9: 0 | I9: 43 | J9: 0 | K9: 44 | L9: 0 | M9: 45 | N9: 0
A10: 0 | B10: 46 | C10: 0 | D10: 47 | E10: 0 | F10: 48 | G10: 0 | H10: 49 | I10: 0 | J10: 50 | K10: 0 | L10: 51 | M10: 0 | N10: 52
A11: 0 | B11: 0 | C11: 53 | D11: 0 | E11: 54 | F11: 0 | G11: 55 | H11: 0 | I11: 56 | J11: 0 | K11: 57 | L11: 0 | M11: 58 | N11: 0
